{
	"info": {
		"_postman_id": "60f64c61-2ce8-4e2f-99d1-114cfaad36ee",
		"name": "tictactoe",
		"schema": "https://schema.getpostman.com/json/collection/v2.1.0/collection.json"
	},
	"item": [
		{
			"name": "Get guest token",
			"request": {
				"auth": {
					"type": "noauth"
				},
				"method": "POST",
				"header": [
					{
						"key": "Content-Type",
						"value": "application/json"
					}
				],
				"body": {
					"mode": "raw",
                  "raw": "{\n\t\"fingerprint\": \"1234\"\n}"
				},
				"url": {
					"raw": "{{HOST}}/api/web/auth/guest",
					"host": [
						"{{HOST}}"
					],
					"path": [
						"api",
						"web",
						"auth",
						"guest"
					]
				},
				"description": "A guest token required to register or get user token."
			},
			"response": []
		},
		{
			"name": "Register user",
			"request": {
				"auth": {
					"type": "bearer",
					"bearer": [
						{
							"key": "token",
                          "value": "{{TOKEN}}",
							"type": "string"
						}
					]
				},
				"method": "POST",
				"header": [
					{
						"key": "Content-Type",
						"value": "application/json"
					}
				],
				"body": {
					"mode": "raw",
					"raw": "{\n\t\"email\": \"alex@mail.ru\",\n\t\"password\": \"alex\"\n}"
				},
				"url": {
					"raw": "{{HOST}}/api/web/auth/register",
					"host": [
						"{{HOST}}"
					],
					"path": [
						"api",
						"web",
						"auth",
						"register"
					]
				},
				"description": "Can be accomplish only using guest token.\nAfter registration the method returns an user token."
			},
			"response": []
		},
		{
			"name": "Get user token",
			"request": {
				"auth": {
					"type": "bearer",
					"bearer": [
						{
							"key": "token",
                          "value": "eyJhbGciOiJIUzI1NiJ9.eyJzdWIiOiJhbGV4MkBtYWlsLnJ1IiwiYXV0aHMiOiJST0xFX1VTRVIsUk9MRV9HVUVTVCIsImlzcyI6IndvcmtpbmdiaXQuY29tIiwiZXhwIjoxNTQ2MDQ5NzAwfQ.bCQDSULH5b8eaGMXTS0asTRgzug1x25XXxNpzPO8N-U",
							"type": "string"
						}
					]
				},
				"method": "POST",
				"header": [
					{
						"key": "Content-Type",
						"name": "Content-Type",
						"value": "application/x-www-form-urlencoded",
						"type": "text"
					}
				],
				"body": {
					"mode": "urlencoded",
					"urlencoded": [
						{
							"key": "email",
							"value": "alex@mail.ru",
							"type": "text"
						},
						{
							"key": "password",
							"value": "alex",
							"type": "text"
						}
					]
				},
				"url": {
					"raw": "{{HOST}}/api/web/auth/token",
					"host": [
						"{{HOST}}"
					],
					"path": [
						"api",
						"web",
						"auth",
						"token"
					]
				},
              "description": "An user token can be acquired via guest token.\nIt is used for creating a game."
            },
          "response": []
        },
      {
        "name": "Users",
        "protocolProfileBehavior": {
          "disableBodyPruning": true
        },
        "request": {
          "auth": {
            "type": "bearer",
            "bearer": [
              {
                "key": "token",
                "value": "{{TOKEN}}",
                "type": "string"
              }
            ]
          },
          "method": "GET",
          "header": [
            {
              "key": "Content-Type",
              "name": "Content-Type",
              "value": "application/json",
              "type": "text"
            }
          ],
          "body": {
            "mode": "raw",
            "raw": ""
          },
          "url": {
            "raw": "{{HOST}}/api/web/method-protected/users",
            "host": [
              "{{HOST}}"
            ],
            "path": [
              "api",
              "web",
              "method-protected",
              "users"
            ]
          },
          "description": "Get users who are registerd in system and can play.\nMay be acquired using a guest or user tokens."
			},
			"response": []
		},
		{
          "name": "Games",
			"protocolProfileBehavior": {
				"disableBodyPruning": true
			},
			"request": {
				"auth": {
					"type": "bearer",
					"bearer": [
						{
							"key": "token",
							"value": "{{TOKEN}}",
							"type": "string"
						}
					]
				},
				"method": "GET",
				"header": [
					{
						"key": "Content-Type",
						"name": "Content-Type",
						"value": "application/json",
						"type": "text"
					}
				],
				"body": {
					"mode": "raw",
					"raw": ""
				},
				"url": {
                  "raw": "{{HOST}}/api/web/url-protected/games",
					"host": [
						"{{HOST}}"
					],
					"path": [
						"api",
						"web",
                      "url-protected",
                      "games"
					]
				},
              "description": "Get created games.\nMay be acquired using a guest or user tokens."
			},
			"response": []
		},
		{
          "name": "Games Histryx",
			"protocolProfileBehavior": {
				"disableBodyPruning": true
			},
			"request": {
				"auth": {
					"type": "bearer",
					"bearer": [
						{
							"key": "token",
							"value": "{{TOKEN}}",
							"type": "string"
						}
					]
				},
				"method": "GET",
				"header": [
					{
						"key": "Content-Type",
						"name": "Content-Type",
                      "type": "text",
                      "value": "application/json"
					}
				],
				"body": {
					"mode": "raw",
					"raw": ""
				},
				"url": {
                  "raw": "http://localhost:40002/v1/games/long",
                  "protocol": "http",
					"host": [
                      "localhost"
					],
                  "port": "40002",
					"path": [
                      "v1",
                      "games",
                      "long"
					]
				},
				"description": "Get created games.\nMay be acquired using a guest or user tokens."
			},
			"response": []
		},
		{
			"name": "Create game",
			"request": {
				"auth": {
					"type": "bearer",
					"bearer": [
						{
							"key": "token",
							"value": "{{TOKEN}}",
							"type": "string"
						}
					]
				},
				"method": "POST",
				"header": [
					{
						"key": "Content-Type",
						"name": "Content-Type",
						"value": "application/json",
						"type": "text"
					}
				],
				"body": {
					"mode": "raw",
					"raw": "{\n\t\"userFirst\": \"5c250c354bcb3838b570e159\",\n\t\"userSecond\": \"5c250e484bcb38390c11a1e2\",\n\t\"black\": true\n}"
				},
				"url": {
					"raw": "{{HOST}}/api/web/url-protected/game",
					"host": [
						"{{HOST}}"
					],
					"path": [
						"api",
						"web",
						"url-protected",
						"game"
					]
				},
				"description": "Creates a game with passed userIds.\nMay be acquired using only user tokens."
			},
			"response": []
		},
		{
			"name": "Viewconfig",
			"protocolProfileBehavior": {
				"disableBodyPruning": true
			},
			"request": {
				"auth": {
					"type": "basic",
					"basic": [
						{
							"key": "password",
							"value": "configPassword",
							"type": "string"
						},
						{
							"key": "username",
							"value": "configUser",
							"type": "string"
						}
					]
				},
				"method": "GET",
				"header": [],
				"body": {
					"mode": "raw",
					"raw": "123"
				},
				"url": {
					"raw": "http://localhost:8888/webapiservice/default",
					"protocol": "http",
					"host": [
						"localhost"
					],
					"port": "8888",
					"path": [
						"webapiservice",
						"default"
					]
				},
				"description": "View microservice config.\nExample /webapiservice/default or /gameservice/default."
			},
			"response": []
		},
		{
			"name": "Encrypt property",
			"request": {
				"method": "POST",
				"header": [],
				"body": {
					"mode": "raw",
					"raw": "123"
				},
				"url": {
					"raw": "http://localhost:8888/encrypt",
					"protocol": "http",
					"host": [
						"localhost"
					],
					"port": "8888",
					"path": [
						"encrypt"
					]
				},
				"description": "Used for encrypting properties in git-config repository."
			},
			"response": []
		}
	]
}
